,Unnamed: 0,Record,Total complement sites,Total reverse complement sites,Total number of sites,Perc DNA modified (total),motif seq,record length,record length (Mb)
0,0,T.aquaticus,15469,16379,31848,0.7375763271533602,TNTC,2158963,2.158963
2,2,E.coli(K12),71727,72007,143734,1.5483065081139216,TNTC,4641652,4.641652
0,0,H.sapiens,53878885,54372381,108251266,1.847646750296556,TNTC,2875001522,2875.0015220000005
